date,ATL,BOS,NOP,CHI,DAL,DEN,HOU,LAC,LAL,MIA,MIL,MIN,BKN,NYK,ORL,IND,PHI,PHX,POR,SAC,SAS,OKC,TOR,UTA,MEM,WAS,DET,CHA,CLE,GSW
2018-10-16,0.0,1.0,0.0,0.0,0.0,0.0,0.0,0.0,0.0,0.0,0.0,0.0,0.0,0.0,0.0,0.0,0.0,0.0,0.0,0.0,0.0,0.0,0.0,0.0,0.0,0.0,0.0,0.0,0.0,1.0
2018-10-17,0.0,1.0,1.0,0.0,0.0,1.0,0.0,0.0,0.0,0.0,1.0,0.0,0.0,1.0,1.0,1.0,0.0,1.0,0.0,0.0,1.0,0.0,1.0,1.0,0.0,0.0,1.0,0.0,0.0,1.0
2018-10-18,0.0,1.0,1.0,0.0,0.0,1.0,0.0,0.0,0.0,0.5,1.0,0.0,0.0,1.0,1.0,1.0,0.5,1.0,1.0,0.0,1.0,0.0,1.0,1.0,0.0,0.0,1.0,0.0,0.0,1.0
2018-10-19,0.0,0.5,1.0,0.0,0.0,1.0,0.0,0.5,0.0,0.5,1.0,0.5,0.5,0.5,0.5,0.5,0.5,1.0,1.0,0.0,1.0,0.0,1.0,0.5,0.5,0.0,1.0,0.5,0.0,1.0
2018-10-20,0.0,0.667,1.0,0.0,0.5,1.0,0.5,0.5,0.0,0.333,1.0,0.333,0.333,0.333,0.333,0.667,0.667,0.5,1.0,0.0,0.5,0.0,1.0,0.5,0.5,0.0,1.0,0.667,0.0,1.0
2018-10-21,0.333,0.667,1.0,0.0,0.5,1.0,0.333,0.667,0.0,0.333,1.0,0.333,0.333,0.333,0.333,0.667,0.667,0.5,1.0,0.333,0.5,0.0,1.0,0.5,0.5,0.0,1.0,0.667,0.0,0.667
2018-10-22,0.333,0.5,1.0,0.0,0.667,1.0,0.333,0.667,0.0,0.333,1.0,0.5,0.333,0.25,0.5,0.5,0.667,0.333,0.667,0.333,0.667,0.0,1.0,0.333,0.667,0.333,1.0,0.5,0.0,0.75
2018-10-23,0.333,0.5,1.0,0.0,0.667,1.0,0.333,0.5,0.0,0.333,1.0,0.5,0.333,0.25,0.5,0.5,0.5,0.333,0.667,0.25,0.667,0.0,1.0,0.333,0.667,0.333,1.0,0.5,0.0,0.75
2018-10-24,0.5,0.5,1.0,0.25,0.5,1.0,0.25,0.5,0.25,0.5,1.0,0.4,0.5,0.2,0.5,0.6,0.4,0.25,0.667,0.4,0.5,0.0,1.0,0.5,0.5,0.25,1.0,0.4,0.0,0.8
2018-10-25,0.5,0.6,1.0,0.25,0.5,0.8,0.25,0.5,0.4,0.5,1.0,0.4,0.5,0.2,0.4,0.6,0.4,0.25,0.75,0.4,0.5,0.0,1.0,0.5,0.5,0.25,1.0,0.4,0.0,0.8
2018-10-26,0.5,0.6,1.0,0.2,0.4,0.8,0.2,0.6,0.4,0.5,1.0,0.333,0.4,0.167,0.4,0.6,0.4,0.25,0.75,0.5,0.5,0.0,1.0,0.5,0.5,0.2,1.0,0.5,0.0,0.833
2018-10-27,0.4,0.667,0.8,0.333,0.4,0.8,0.2,0.6,0.333,0.6,1.0,0.333,0.4,0.167,0.333,0.667,0.5,0.2,0.6,0.5,0.6,0.0,1.0,0.6,0.6,0.2,0.8,0.429,0.0,0.833
2018-10-28,0.4,0.667,0.8,0.333,0.333,0.8,0.2,0.667,0.333,0.6,1.0,0.333,0.333,0.167,0.333,0.667,0.5,0.167,0.6,0.5,0.6,0.2,1.0,0.667,0.6,0.167,0.8,0.429,0.0,0.857
2018-10-29,0.333,0.667,0.667,0.286,0.286,0.833,0.2,0.667,0.286,0.5,1.0,0.429,0.286,0.286,0.333,0.571,0.571,0.167,0.667,0.571,0.667,0.2,0.857,0.667,0.6,0.167,0.8,0.429,0.0,0.875
2018-10-30,0.286,0.714,0.667,0.286,0.286,0.833,0.167,0.571,0.286,0.429,1.0,0.429,0.286,0.286,0.286,0.571,0.5,0.167,0.714,0.625,0.667,0.333,0.875,0.667,0.667,0.143,0.667,0.5,0.143,0.875
2018-10-31,0.286,0.714,0.571,0.25,0.25,0.857,0.167,0.571,0.375,0.429,1.0,0.5,0.375,0.25,0.286,0.625,0.5,0.143,0.714,0.625,0.714,0.333,0.875,0.571,0.667,0.143,0.571,0.5,0.143,0.889
2018-11-01,0.25,0.75,0.5,0.25,0.25,0.875,0.167,0.5,0.375,0.429,0.875,0.5,0.375,0.25,0.286,0.625,0.556,0.143,0.75,0.667,0.714,0.429,0.875,0.571,0.667,0.143,0.571,0.444,0.125,0.889
2018-11-02,0.25,0.75,0.5,0.222,0.222,0.875,0.286,0.556,0.375,0.429,0.875,0.444,0.333,0.333,0.25,0.667,0.556,0.125,0.75,0.667,0.714,0.5,0.889,0.5,0.714,0.125,0.571,0.444,0.125,0.9
2018-11-03,0.333,0.667,0.444,0.2,0.222,0.889,0.375,0.556,0.444,0.375,0.875,0.444,0.333,0.333,0.25,0.7,0.6,0.125,0.667,0.667,0.75,0.5,0.889,0.444,0.714,0.125,0.5,0.5,0.111,0.9
2018-11-04,0.333,0.667,0.444,0.2,0.222,0.889,0.375,0.556,0.4,0.375,0.889,0.4,0.4,0.3,0.333,0.7,0.545,0.222,0.7,0.6,0.667,0.5,0.9,0.444,0.625,0.222,0.5,0.5,0.111,0.9
2018-11-05,0.333,0.6,0.4,0.273,0.222,0.9,0.444,0.6,0.4,0.444,0.889,0.364,0.4,0.273,0.4,0.636,0.545,0.222,0.7,0.6,0.667,0.556,0.909,0.4,0.556,0.222,0.444,0.5,0.1,0.909
2018-11-06,0.3,0.6,0.4,0.273,0.3,0.9,0.444,0.6,0.4,0.444,0.8,0.364,0.455,0.273,0.4,0.636,0.545,0.2,0.727,0.6,0.667,0.556,0.909,0.4,0.556,0.2,0.444,0.545,0.1,0.909
2018-11-07,0.273,0.6,0.455,0.25,0.273,0.818,0.444,0.6,0.455,0.5,0.8,0.333,0.455,0.333,0.364,0.583,0.583,0.2,0.727,0.545,0.6,0.6,0.917,0.455,0.6,0.2,0.5,0.545,0.091,0.909
2018-11-08,0.273,0.636,0.455,0.25,0.273,0.818,0.4,0.545,0.455,0.5,0.818,0.333,0.455,0.333,0.364,0.583,0.583,0.182,0.75,0.545,0.6,0.636,0.917,0.455,0.6,0.2,0.5,0.545,0.091,0.833
2018-11-09,0.25,0.583,0.455,0.25,0.273,0.75,0.4,0.545,0.455,0.455,0.818,0.308,0.5,0.333,0.417,0.615,0.615,0.182,0.75,0.583,0.6,0.636,0.917,0.5,0.6,0.182,0.545,0.5,0.091,0.833
2018-11-10,0.25,0.583,0.5,0.308,0.333,0.75,0.364,0.583,0.5,0.417,0.75,0.308,0.462,0.308,0.417,0.615,0.571,0.167,0.75,0.538,0.636,0.583,0.923,0.5,0.636,0.25,0.545,0.5,0.083,0.846
2018-11-11,0.231,0.538,0.5,0.308,0.333,0.692,0.417,0.583,0.538,0.417,0.769,0.308,0.462,0.286,0.462,0.571,0.571,0.167,0.769,0.538,0.636,0.583,0.923,0.5,0.636,0.25,0.5,0.538,0.083,0.846
2018-11-12,0.231,0.538,0.538,0.286,0.385,0.692,0.417,0.615,0.538,0.385,0.769,0.357,0.429,0.286,0.429,0.571,0.6,0.154,0.769,0.571,0.583,0.615,0.857,0.538,0.583,0.308,0.5,0.538,0.083,0.786
2018-11-13,0.214,0.538,0.538,0.286,0.385,0.643,0.462,0.615,0.538,0.385,0.769,0.357,0.429,0.286,0.429,0.571,0.6,0.154,0.769,0.571,0.583,0.615,0.857,0.538,0.583,0.308,0.5,0.5,0.154,0.8
2018-11-14,0.214,0.571,0.5,0.267,0.429,0.643,0.462,0.615,0.571,0.429,0.714,0.4,0.4,0.267,0.467,0.571,0.562,0.214,0.714,0.571,0.538,0.643,0.8,0.5,0.615,0.357,0.538,0.5,0.143,0.8
2018-11-15,0.2,0.571,0.5,0.267,0.429,0.667,0.5,0.643,0.571,0.429,0.714,0.4,0.4,0.267,0.467,0.571,0.562,0.214,0.714,0.571,0.5,0.643,0.8,0.5,0.615,0.357,0.538,0.5,0.143,0.75
2018-11-16,0.2,0.6,0.533,0.25,0.429,0.667,0.5,0.643,0.571,0.4,0.733,0.438,0.438,0.25,0.467,0.6,0.588,0.214,0.667,0.533,0.5,0.643,0.75,0.467,0.643,0.333,0.538,0.5,0.143,0.75
2018-11-17,0.188,0.562,0.562,0.235,0.467,0.625,0.533,0.667,0.533,0.4,0.733,0.438,0.412,0.25,0.5,0.625,0.611,0.2,0.667,0.5,0.5,0.667,0.765,0.5,0.643,0.333,0.538,0.467,0.143,0.706
2018-11-18,0.188,0.562,0.562,0.235,0.467,0.625,0.533,0.667,0.562,0.375,0.733,0.412,0.412,0.235,0.529,0.625,0.611,0.2,0.688,0.5,0.533,0.667,0.765,0.5,0.667,0.312,0.538,0.467,0.143,0.667
2018-11-19,0.176,0.529,0.588,0.235,0.438,0.588,0.533,0.688,0.562,0.375,0.75,0.412,0.412,0.235,0.529,0.647,0.632,0.188,0.688,0.529,0.5,0.625,0.765,0.471,0.688,0.312,0.571,0.5,0.133,0.667
2018-11-20,0.176,0.529,0.588,0.235,0.438,0.588,0.533,0.647,0.562,0.353,0.75,0.412,0.444,0.222,0.5,0.647,0.632,0.188,0.706,0.529,0.5,0.625,0.778,0.471,0.688,0.353,0.571,0.5,0.133,0.667
2018-11-21,0.167,0.5,0.556,0.278,0.471,0.611,0.562,0.647,0.588,0.353,0.765,0.389,0.421,0.263,0.5,0.611,0.65,0.176,0.667,0.556,0.471,0.647,0.789,0.444,0.706,0.353,0.533,0.529,0.125,0.632
2018-11-22,0.167,0.5,0.556,0.278,0.471,0.611,0.562,0.647,0.588,0.353,0.765,0.389,0.421,0.263,0.5,0.611,0.65,0.176,0.667,0.556,0.471,0.647,0.789,0.444,0.706,0.353,0.533,0.529,0.125,0.632
2018-11-23,0.158,0.526,0.526,0.263,0.471,0.632,0.529,0.667,0.611,0.389,0.722,0.421,0.4,0.3,0.474,0.579,0.619,0.222,0.632,0.556,0.5,0.667,0.8,0.421,0.667,0.333,0.562,0.5,0.176,0.65
2018-11-24,0.158,0.5,0.5,0.25,0.5,0.65,0.5,0.667,0.611,0.389,0.737,0.45,0.4,0.3,0.474,0.579,0.619,0.222,0.632,0.526,0.474,0.632,0.8,0.421,0.667,0.368,0.562,0.5,0.222,0.667
2018-11-25,0.2,0.5,0.5,0.25,0.5,0.65,0.5,0.684,0.579,0.368,0.737,0.45,0.381,0.333,0.5,0.579,0.636,0.211,0.6,0.5,0.474,0.632,0.81,0.45,0.632,0.368,0.588,0.474,0.222,0.667
2018-11-26,0.2,0.524,0.476,0.238,0.5,0.65,0.474,0.684,0.579,0.368,0.7,0.476,0.381,0.333,0.476,0.6,0.636,0.211,0.6,0.5,0.5,0.632,0.81,0.429,0.632,0.4,0.588,0.5,0.211,0.682
2018-11-27,0.238,0.524,0.476,0.238,0.5,0.667,0.474,0.684,0.55,0.35,0.7,0.476,0.381,0.318,0.476,0.619,0.636,0.2,0.6,0.5,0.5,0.632,0.818,0.429,0.6,0.4,0.611,0.5,0.211,0.682
2018-11-28,0.227,0.524,0.5,0.227,0.526,0.667,0.45,0.7,0.55,0.35,0.714,0.5,0.364,0.304,0.455,0.619,0.652,0.19,0.619,0.5,0.476,0.65,0.818,0.455,0.6,0.381,0.611,0.524,0.2,0.682
2018-11-29,0.227,0.524,0.5,0.227,0.526,0.667,0.45,0.714,0.571,0.35,0.714,0.5,0.364,0.304,0.455,0.591,0.652,0.19,0.619,0.476,0.476,0.65,0.826,0.455,0.6,0.381,0.611,0.524,0.2,0.652
2018-11-30,0.217,0.545,0.478,0.217,0.5,0.682,0.476,0.714,0.591,0.381,0.714,0.5,0.348,0.304,0.478,0.591,0.667,0.182,0.591,0.476,0.455,0.667,0.826,0.478,0.619,0.364,0.632,0.5,0.19,0.652
2018-12-01,0.217,0.565,0.478,0.208,0.5,0.682,0.5,0.714,0.591,0.381,0.682,0.478,0.333,0.333,0.478,0.565,0.667,0.182,0.591,0.5,0.455,0.667,0.833,0.478,0.619,0.391,0.65,0.5,0.182,0.625
2018-12-02,0.217,0.565,0.5,0.208,0.524,0.682,0.5,0.682,0.609,0.409,0.682,0.478,0.333,0.333,0.478,0.565,0.68,0.174,0.565,0.5,0.478,0.667,0.833,0.458,0.591,0.391,0.65,0.478,0.182,0.625
2018-12-03,0.208,0.565,0.48,0.208,0.524,0.696,0.478,0.696,0.609,0.409,0.682,0.5,0.32,0.32,0.478,0.565,0.68,0.174,0.565,0.5,0.478,0.682,0.8,0.458,0.591,0.417,0.619,0.478,0.217,0.64
2018-12-04,0.208,0.565,0.48,0.2,0.545,0.696,0.478,0.696,0.609,0.391,0.682,0.5,0.32,0.32,0.5,0.583,0.68,0.167,0.542,0.522,0.458,0.682,0.8,0.48,0.591,0.417,0.619,0.478,0.217,0.64
2018-12-05,0.2,0.565,0.5,0.2,0.522,0.708,0.478,0.667,0.625,0.391,0.696,0.52,0.308,0.32,0.48,0.583,0.654,0.167,0.542,0.522,0.44,0.696,0.808,0.48,0.609,0.44,0.591,0.458,0.208,0.654
2018-12-06,0.2,0.583,0.5,0.2,0.522,0.708,0.458,0.667,0.625,0.391,0.696,0.52,0.308,0.308,0.48,0.583,0.654,0.16,0.56,0.522,0.44,0.696,0.808,0.5,0.609,0.44,0.591,0.458,0.208,0.654
2018-12-07,0.2,0.583,0.481,0.231,0.522,0.68,0.458,0.667,0.6,0.417,0.667,0.52,0.333,0.308,0.462,0.6,0.667,0.154,0.56,0.542,0.462,0.667,0.778,0.5,0.625,0.44,0.565,0.48,0.2,0.667
2018-12-08,0.231,0.6,0.481,0.222,0.542,0.654,0.44,0.64,0.615,0.44,0.667,0.5,0.357,0.296,0.462,0.615,0.667,0.154,0.577,0.52,0.462,0.667,0.778,0.5,0.6,0.423,0.565,0.48,0.231,0.667
2018-12-09,0.231,0.6,0.5,0.222,0.542,0.654,0.44,0.64,0.615,0.44,0.68,0.5,0.357,0.286,0.462,0.615,0.667,0.154,0.577,0.52,0.481,0.667,0.75,0.481,0.6,0.423,0.542,0.5,0.231,0.667
2018-12-10,0.231,0.615,0.483,0.214,0.56,0.667,0.44,0.654,0.63,0.423,0.692,0.481,0.357,0.286,0.444,0.63,0.679,0.148,0.577,0.538,0.481,0.68,0.75,0.464,0.577,0.407,0.52,0.5,0.222,0.679
2018-12-11,0.231,0.615,0.483,0.214,0.56,0.667,0.462,0.63,0.63,0.423,0.692,0.481,0.357,0.286,0.444,0.63,0.679,0.143,0.556,0.538,0.5,0.68,0.759,0.464,0.577,0.407,0.52,0.5,0.222,0.679
2018-12-12,0.222,0.63,0.5,0.214,0.577,0.667,0.462,0.63,0.63,0.407,0.667,0.464,0.379,0.276,0.444,0.643,0.655,0.143,0.536,0.556,0.5,0.654,0.767,0.483,0.593,0.393,0.5,0.519,0.25,0.655
2018-12-13,0.222,0.63,0.5,0.207,0.556,0.667,0.481,0.607,0.607,0.407,0.667,0.464,0.379,0.276,0.464,0.643,0.655,0.172,0.536,0.556,0.517,0.654,0.767,0.483,0.593,0.393,0.5,0.519,0.25,0.655
2018-12-14,0.214,0.643,0.5,0.207,0.556,0.679,0.481,0.607,0.607,0.429,0.679,0.464,0.4,0.3,0.464,0.655,0.633,0.172,0.552,0.536,0.517,0.63,0.742,0.483,0.571,0.379,0.5,0.5,0.241,0.667
2018-12-15,0.214,0.621,0.5,0.233,0.556,0.679,0.5,0.586,0.621,0.429,0.679,0.448,0.4,0.3,0.483,0.655,0.633,0.2,0.552,0.536,0.5,0.643,0.742,0.467,0.552,0.379,0.519,0.483,0.241,0.667
2018-12-16,0.207,0.621,0.484,0.233,0.536,0.69,0.5,0.586,0.6,0.448,0.679,0.448,0.419,0.29,0.483,0.667,0.645,0.2,0.552,0.552,0.5,0.643,0.719,0.467,0.552,0.4,0.519,0.483,0.233,0.667
2018-12-17,0.207,0.621,0.484,0.226,0.536,0.69,0.517,0.567,0.6,0.448,0.69,0.467,0.419,0.281,0.483,0.667,0.625,0.226,0.567,0.533,0.516,0.655,0.719,0.452,0.533,0.4,0.5,0.483,0.233,0.677
2018-12-18,0.233,0.621,0.484,0.226,0.517,0.7,0.517,0.567,0.581,0.448,0.69,0.467,0.438,0.281,0.483,0.645,0.625,0.226,0.567,0.533,0.516,0.655,0.719,0.452,0.533,0.387,0.5,0.483,0.258,0.677
2018-12-19,0.233,0.6,0.469,0.219,0.517,0.7,0.533,0.567,0.581,0.448,0.7,0.452,0.455,0.273,0.467,0.625,0.636,0.25,0.581,0.516,0.531,0.667,0.727,0.469,0.516,0.375,0.517,0.5,0.25,0.656
2018-12-20,0.233,0.6,0.469,0.219,0.5,0.7,0.516,0.581,0.581,0.467,0.7,0.452,0.455,0.273,0.467,0.625,0.636,0.25,0.581,0.516,0.531,0.667,0.727,0.469,0.516,0.375,0.517,0.5,0.25,0.656
2018-12-21,0.258,0.581,0.455,0.242,0.5,0.7,0.516,0.581,0.594,0.467,0.71,0.438,0.441,0.265,0.452,0.636,0.636,0.25,0.562,0.531,0.545,0.667,0.735,0.485,0.5,0.375,0.5,0.516,0.242,0.656
2018-12-22,0.258,0.581,0.455,0.242,0.484,0.677,0.531,0.594,0.594,0.484,0.688,0.438,0.441,0.265,0.452,0.636,0.647,0.242,0.562,0.531,0.529,0.677,0.714,0.471,0.5,0.394,0.5,0.516,0.242,0.667
2018-12-23,0.281,0.594,0.441,0.265,0.469,0.677,0.531,0.576,0.576,0.5,0.688,0.455,0.457,0.265,0.438,0.647,0.647,0.235,0.576,0.545,0.529,0.656,0.714,0.471,0.515,0.382,0.484,0.5,0.235,0.676
2018-12-24,0.281,0.594,0.441,0.265,0.469,0.677,0.531,0.576,0.576,0.5,0.688,0.455,0.457,0.265,0.438,0.647,0.647,0.235,0.576,0.545,0.529,0.656,0.714,0.471,0.515,0.382,0.484,0.5,0.235,0.676
2018-12-25,0.281,0.606,0.441,0.265,0.469,0.677,0.545,0.576,0.588,0.5,0.697,0.455,0.457,0.257,0.438,0.647,0.629,0.235,0.559,0.545,0.529,0.636,0.714,0.486,0.515,0.382,0.484,0.5,0.235,0.657
2018-12-26,0.273,0.606,0.429,0.257,0.485,0.656,0.545,0.588,0.588,0.485,0.697,0.471,0.472,0.257,0.424,0.657,0.629,0.257,0.559,0.529,0.543,0.636,0.722,0.486,0.529,0.371,0.5,0.485,0.229,0.657
2018-12-27,0.273,0.588,0.429,0.257,0.485,0.656,0.559,0.588,0.571,0.485,0.706,0.471,0.472,0.25,0.424,0.657,0.639,0.257,0.571,0.543,0.543,0.636,0.722,0.472,0.529,0.371,0.5,0.485,0.229,0.639
2018-12-28,0.294,0.588,0.444,0.278,0.471,0.667,0.559,0.6,0.556,0.5,0.706,0.457,0.459,0.25,0.441,0.667,0.639,0.25,0.571,0.543,0.528,0.647,0.703,0.472,0.529,0.361,0.485,0.5,0.222,0.639
2018-12-29,0.314,0.6,0.432,0.278,0.471,0.676,0.571,0.583,0.556,0.5,0.714,0.457,0.447,0.243,0.441,0.667,0.639,0.243,0.556,0.543,0.541,0.647,0.703,0.486,0.514,0.378,0.485,0.486,0.216,0.649
2018-12-30,0.314,0.6,0.432,0.27,0.486,0.676,0.571,0.583,0.568,0.486,0.714,0.472,0.447,0.243,0.457,0.667,0.622,0.243,0.568,0.528,0.541,0.629,0.711,0.486,0.514,0.378,0.471,0.486,0.216,0.649
2018-12-31,0.306,0.583,0.447,0.27,0.472,0.676,0.583,0.583,0.568,0.486,0.714,0.459,0.447,0.243,0.444,0.676,0.622,0.237,0.568,0.528,0.553,0.639,0.711,0.486,0.5,0.378,0.471,0.5,0.216,0.658
2019-01-01,0.306,0.583,0.447,0.27,0.472,0.686,0.583,0.568,0.568,0.486,0.722,0.459,0.447,0.237,0.444,0.676,0.632,0.237,0.579,0.514,0.553,0.639,0.718,0.474,0.5,0.378,0.457,0.5,0.216,0.658
2019-01-02,0.297,0.595,0.436,0.263,0.486,0.686,0.583,0.568,0.553,0.5,0.722,0.447,0.462,0.237,0.459,0.676,0.641,0.231,0.579,0.514,0.553,0.649,0.718,0.474,0.486,0.395,0.472,0.486,0.211,0.658
2019-01-03,0.297,0.595,0.436,0.263,0.486,0.694,0.595,0.568,0.553,0.5,0.722,0.447,0.462,0.237,0.459,0.676,0.641,0.231,0.579,0.5,0.564,0.649,0.7,0.474,0.486,0.395,0.472,0.486,0.211,0.641
2019-01-04,0.289,0.605,0.436,0.256,0.474,0.694,0.595,0.579,0.538,0.514,0.73,0.462,0.475,0.256,0.447,0.684,0.641,0.225,0.564,0.5,0.564,0.658,0.7,0.487,0.474,0.385,0.472,0.486,0.205,0.641
2019-01-05,0.289,0.605,0.45,0.256,0.462,0.703,0.579,0.579,0.538,0.514,0.711,0.462,0.475,0.256,0.447,0.684,0.65,0.225,0.575,0.487,0.575,0.658,0.707,0.5,0.462,0.385,0.459,0.474,0.2,0.65
2019-01-06,0.308,0.605,0.45,0.25,0.462,0.703,0.579,0.59,0.525,0.5,0.711,0.475,0.488,0.256,0.436,0.667,0.65,0.22,0.575,0.487,0.575,0.641,0.714,0.5,0.462,0.4,0.459,0.487,0.2,0.65
2019-01-07,0.308,0.615,0.463,0.25,0.45,0.684,0.59,0.59,0.537,0.5,0.718,0.475,0.476,0.25,0.425,0.667,0.65,0.22,0.585,0.5,0.585,0.641,0.714,0.488,0.45,0.4,0.447,0.487,0.2,0.65
2019-01-08,0.3,0.615,0.463,0.25,0.45,0.692,0.59,0.6,0.537,0.487,0.718,0.488,0.476,0.244,0.425,0.675,0.659,0.238,0.585,0.488,0.585,0.625,0.721,0.488,0.45,0.39,0.447,0.475,0.195,0.659
2019-01-09,0.293,0.625,0.476,0.244,0.463,0.692,0.575,0.6,0.548,0.487,0.725,0.488,0.488,0.244,0.415,0.659,0.643,0.233,0.595,0.488,0.571,0.625,0.721,0.5,0.463,0.405,0.436,0.475,0.19,0.659
2019-01-10,0.293,0.61,0.476,0.244,0.463,0.7,0.575,0.585,0.548,0.5,0.725,0.488,0.488,0.244,0.415,0.659,0.643,0.233,0.595,0.5,0.581,0.61,0.721,0.5,0.463,0.405,0.425,0.475,0.19,0.659
2019-01-11,0.31,0.61,0.476,0.238,0.476,0.7,0.585,0.585,0.535,0.5,0.707,0.476,0.477,0.238,0.415,0.667,0.628,0.233,0.605,0.5,0.581,0.61,0.727,0.512,0.463,0.419,0.425,0.463,0.186,0.667
2019-01-12,0.31,0.595,0.465,0.233,0.476,0.683,0.585,0.571,0.535,0.512,0.707,0.488,0.477,0.238,0.429,0.667,0.628,0.25,0.605,0.512,0.568,0.619,0.727,0.523,0.452,0.419,0.439,0.452,0.186,0.667
2019-01-13,0.302,0.595,0.465,0.233,0.465,0.69,0.571,0.571,0.523,0.512,0.714,0.488,0.477,0.233,0.442,0.667,0.636,0.25,0.591,0.512,0.568,0.619,0.733,0.523,0.452,0.409,0.439,0.452,0.205,0.674
2019-01-14,0.302,0.581,0.477,0.233,0.465,0.69,0.581,0.558,0.523,0.512,0.714,0.488,0.489,0.233,0.442,0.667,0.636,0.25,0.578,0.523,0.556,0.619,0.733,0.533,0.442,0.409,0.429,0.465,0.205,0.674
2019-01-15,0.318,0.581,0.477,0.227,0.465,0.674,0.581,0.558,0.533,0.5,0.721,0.477,0.489,0.233,0.442,0.674,0.644,0.244,0.578,0.523,0.556,0.605,0.733,0.533,0.442,0.409,0.429,0.465,0.205,0.682
2019-01-16,0.318,0.591,0.467,0.227,0.455,0.674,0.568,0.545,0.533,0.5,0.727,0.477,0.5,0.233,0.432,0.674,0.644,0.244,0.587,0.523,0.565,0.605,0.717,0.543,0.432,0.409,0.442,0.465,0.2,0.689
2019-01-17,0.318,0.591,0.467,0.222,0.455,0.682,0.568,0.545,0.543,0.5,0.727,0.477,0.5,0.227,0.432,0.659,0.652,0.239,0.587,0.511,0.565,0.591,0.723,0.543,0.432,0.422,0.442,0.477,0.2,0.689
2019-01-18,0.318,0.6,0.457,0.222,0.455,0.682,0.568,0.533,0.543,0.488,0.727,0.467,0.511,0.227,0.422,0.659,0.652,0.239,0.596,0.511,0.574,0.591,0.723,0.553,0.422,0.422,0.455,0.477,0.196,0.696
2019-01-19,0.311,0.609,0.457,0.217,0.444,0.689,0.578,0.533,0.532,0.5,0.733,0.467,0.511,0.227,0.413,0.667,0.638,0.234,0.596,0.522,0.574,0.6,0.729,0.553,0.413,0.422,0.444,0.489,0.191,0.696
2019-01-20,0.311,0.609,0.457,0.217,0.444,0.689,0.578,0.543,0.532,0.5,0.733,0.478,0.511,0.227,0.413,0.674,0.638,0.229,0.596,0.522,0.562,0.6,0.729,0.553,0.413,0.422,0.444,0.478,0.191,0.696
2019-01-21,0.304,0.617,0.468,0.234,0.435,0.689,0.565,0.543,0.521,0.489,0.739,0.478,0.521,0.222,0.426,0.674,0.646,0.229,0.604,0.511,0.562,0.609,0.729,0.542,0.404,0.435,0.435,0.478,0.188,0.702
2019-01-22,0.304,0.617,0.468,0.234,0.447,0.689,0.565,0.532,0.521,0.489,0.739,0.489,0.521,0.222,0.426,0.674,0.646,0.224,0.592,0.5,0.562,0.617,0.735,0.542,0.404,0.435,0.435,0.478,0.188,0.702
2019-01-23,0.319,0.625,0.458,0.229,0.447,0.674,0.574,0.542,0.521,0.478,0.739,0.489,0.531,0.217,0.417,0.681,0.653,0.224,0.592,0.5,0.551,0.617,0.72,0.551,0.396,0.435,0.447,0.489,0.184,0.702
2019-01-24,0.319,0.625,0.449,0.229,0.447,0.674,0.574,0.542,0.51,0.478,0.739,0.5,0.531,0.217,0.417,0.681,0.653,0.22,0.6,0.5,0.551,0.625,0.72,0.551,0.396,0.426,0.447,0.489,0.184,0.708
2019-01-25,0.319,0.625,0.449,0.224,0.458,0.681,0.583,0.551,0.51,0.489,0.745,0.49,0.54,0.213,0.408,0.681,0.653,0.216,0.6,0.51,0.551,0.625,0.706,0.56,0.388,0.438,0.438,0.479,0.18,0.708
2019-01-26,0.312,0.612,0.44,0.224,0.458,0.688,0.583,0.551,0.51,0.489,0.745,0.49,0.54,0.213,0.408,0.667,0.64,0.216,0.608,0.51,0.56,0.625,0.706,0.56,0.4,0.438,0.438,0.479,0.18,0.714
2019-01-27,0.312,0.612,0.44,0.22,0.449,0.688,0.592,0.56,0.52,0.5,0.729,0.48,0.54,0.208,0.4,0.667,0.64,0.212,0.608,0.5,0.569,0.633,0.712,0.569,0.4,0.429,0.438,0.479,0.196,0.714
2019-01-28,0.327,0.62,0.44,0.22,0.449,0.694,0.592,0.549,0.52,0.5,0.729,0.48,0.529,0.204,0.4,0.653,0.64,0.212,0.608,0.5,0.569,0.633,0.712,0.569,0.392,0.429,0.438,0.49,0.196,0.72
2019-01-29,0.327,0.62,0.451,0.216,0.449,0.694,0.58,0.549,0.51,0.5,0.735,0.48,0.538,0.204,0.392,0.653,0.647,0.208,0.608,0.5,0.577,0.64,0.712,0.569,0.392,0.42,0.429,0.49,0.212,0.72
2019-01-30,0.32,0.627,0.442,0.231,0.46,0.7,0.58,0.549,0.51,0.49,0.735,0.49,0.538,0.2,0.392,0.64,0.647,0.208,0.615,0.51,0.577,0.64,0.712,0.558,0.385,0.431,0.429,0.48,0.212,0.72
2019-01-31,0.32,0.627,0.442,0.231,0.451,0.7,0.58,0.538,0.519,0.49,0.74,0.49,0.528,0.2,0.404,0.627,0.654,0.208,0.615,0.51,0.585,0.64,0.698,0.558,0.385,0.431,0.44,0.48,0.212,0.706
2019-02-01,0.314,0.635,0.442,0.231,0.451,0.706,0.569,0.538,0.519,0.48,0.74,0.49,0.528,0.196,0.404,0.627,0.654,0.208,0.615,0.51,0.585,0.647,0.698,0.566,0.377,0.431,0.44,0.49,0.212,0.706
2019-02-02,0.327,0.635,0.434,0.226,0.462,0.712,0.577,0.547,0.509,0.471,0.745,0.481,0.519,0.196,0.415,0.635,0.642,0.204,0.615,0.519,0.593,0.647,0.698,0.556,0.377,0.423,0.431,0.5,0.208,0.712
2019-02-03,0.327,0.642,0.434,0.226,0.462,0.712,0.577,0.537,0.509,0.471,0.745,0.481,0.519,0.192,0.415,0.635,0.642,0.204,0.615,0.519,0.593,0.635,0.704,0.556,0.389,0.423,0.431,0.5,0.208,0.712
2019-02-04,0.34,0.642,0.426,0.226,0.462,0.698,0.585,0.537,0.509,0.471,0.75,0.481,0.509,0.192,0.415,0.642,0.642,0.2,0.615,0.528,0.582,0.635,0.704,0.556,0.389,0.415,0.442,0.5,0.208,0.712
2019-02-05,0.34,0.648,0.426,0.226,0.462,0.698,0.585,0.545,0.5,0.481,0.75,0.472,0.509,0.189,0.407,0.648,0.63,0.2,0.604,0.528,0.582,0.642,0.709,0.556,0.4,0.415,0.453,0.491,0.204,0.712
2019-02-06,0.34,0.648,0.436,0.222,0.472,0.685,0.593,0.545,0.5,0.481,0.755,0.472,0.518,0.189,0.407,0.648,0.63,0.196,0.604,0.519,0.571,0.642,0.709,0.564,0.4,0.407,0.453,0.481,0.204,0.717
2019-02-07,0.333,0.636,0.436,0.222,0.472,0.685,0.593,0.536,0.509,0.481,0.755,0.463,0.518,0.189,0.418,0.655,0.63,0.196,0.611,0.519,0.561,0.648,0.714,0.564,0.393,0.407,0.453,0.481,0.204,0.717
2019-02-08,0.333,0.636,0.446,0.236,0.463,0.673,0.593,0.536,0.509,0.472,0.759,0.455,0.509,0.185,0.418,0.655,0.636,0.193,0.611,0.527,0.561,0.648,0.714,0.564,0.393,0.418,0.463,0.481,0.2,0.722
2019-02-09,0.327,0.625,0.439,0.232,0.463,0.673,0.582,0.544,0.509,0.472,0.745,0.455,0.509,0.182,0.429,0.661,0.636,0.193,0.611,0.527,0.552,0.655,0.719,0.571,0.404,0.429,0.463,0.491,0.196,0.722
2019-02-10,0.321,0.625,0.439,0.232,0.473,0.673,0.582,0.544,0.5,0.463,0.745,0.455,0.509,0.182,0.439,0.661,0.643,0.19,0.6,0.536,0.552,0.655,0.719,0.571,0.404,0.429,0.463,0.491,0.196,0.727
2019-02-11,0.321,0.625,0.439,0.228,0.464,0.679,0.589,0.534,0.5,0.455,0.75,0.464,0.5,0.179,0.439,0.667,0.643,0.19,0.589,0.536,0.552,0.661,0.724,0.571,0.404,0.421,0.473,0.482,0.211,0.727
2019-02-12,0.333,0.632,0.431,0.228,0.464,0.679,0.589,0.534,0.491,0.455,0.75,0.464,0.5,0.179,0.448,0.667,0.632,0.19,0.589,0.536,0.559,0.661,0.724,0.561,0.397,0.421,0.473,0.482,0.211,0.732
2019-02-13,0.333,0.638,0.431,0.241,0.456,0.684,0.579,0.542,0.491,0.464,0.754,0.474,0.508,0.175,0.448,0.655,0.638,0.186,0.596,0.526,0.559,0.661,0.729,0.561,0.39,0.414,0.464,0.482,0.207,0.719
2019-02-14,0.328,0.638,0.441,0.241,0.456,0.684,0.579,0.542,0.491,0.464,0.754,0.474,0.508,0.19,0.458,0.655,0.638,0.186,0.596,0.526,0.559,0.649,0.729,0.561,0.39,0.414,0.464,0.474,0.207,0.719
2019-02-15,0.328,0.638,0.441,0.241,0.456,0.684,0.579,0.542,0.491,0.464,0.754,0.474,0.508,0.19,0.458,0.655,0.638,0.186,0.596,0.526,0.559,0.649,0.729,0.561,0.39,0.414,0.464,0.474,0.207,0.719
2019-02-16,0.328,0.638,0.441,0.241,0.456,0.684,0.579,0.542,0.491,0.464,0.754,0.474,0.508,0.19,0.458,0.655,0.638,0.186,0.596,0.526,0.559,0.649,0.729,0.561,0.39,0.414,0.464,0.474,0.207,0.719
2019-02-17,0.328,0.638,0.441,0.241,0.456,0.684,0.579,0.542,0.491,0.464,0.754,0.474,0.508,0.19,0.458,0.655,0.638,0.186,0.596,0.526,0.559,0.649,0.729,0.561,0.39,0.414,0.464,0.474,0.207,0.719
2019-02-18,0.328,0.638,0.441,0.241,0.456,0.684,0.579,0.542,0.491,0.464,0.754,0.474,0.508,0.19,0.458,0.655,0.638,0.186,0.596,0.526,0.559,0.649,0.729,0.561,0.39,0.414,0.464,0.474,0.207,0.719
2019-02-19,0.328,0.638,0.441,0.241,0.456,0.684,0.579,0.542,0.491,0.464,0.754,0.474,0.508,0.19,0.458,0.655,0.638,0.186,0.596,0.526,0.559,0.649,0.729,0.561,0.39,0.414,0.464,0.474,0.207,0.719
2019-02-20,0.328,0.638,0.441,0.241,0.456,0.684,0.579,0.542,0.491,0.464,0.754,0.474,0.508,0.19,0.458,0.655,0.638,0.186,0.596,0.526,0.559,0.649,0.729,0.561,0.39,0.414,0.464,0.474,0.207,0.719
2019-02-21,0.328,0.627,0.441,0.241,0.456,0.684,0.569,0.542,0.5,0.456,0.759,0.474,0.5,0.19,0.458,0.655,0.644,0.183,0.603,0.517,0.559,0.649,0.729,0.561,0.39,0.414,0.464,0.474,0.22,0.724
2019-02-22,0.322,0.627,0.433,0.254,0.448,0.69,0.569,0.55,0.5,0.456,0.759,0.483,0.5,0.186,0.45,0.661,0.644,0.183,0.603,0.517,0.55,0.655,0.733,0.552,0.383,0.407,0.474,0.483,0.22,0.724
2019-02-23,0.333,0.617,0.443,0.267,0.441,0.69,0.576,0.55,0.492,0.448,0.763,0.475,0.508,0.186,0.45,0.667,0.633,0.18,0.61,0.525,0.55,0.644,0.733,0.559,0.377,0.4,0.483,0.475,0.233,0.712
2019-02-24,0.333,0.617,0.443,0.267,0.441,0.695,0.576,0.541,0.492,0.448,0.763,0.475,0.508,0.2,0.459,0.667,0.633,0.18,0.61,0.525,0.541,0.644,0.721,0.559,0.377,0.4,0.483,0.475,0.233,0.712
2019-02-25,0.328,0.617,0.435,0.262,0.433,0.695,0.583,0.548,0.483,0.441,0.767,0.483,0.516,0.2,0.459,0.656,0.639,0.194,0.617,0.517,0.532,0.644,0.721,0.559,0.387,0.4,0.492,0.467,0.23,0.717
2019-02-26,0.328,0.607,0.435,0.262,0.433,0.7,0.583,0.548,0.483,0.441,0.767,0.483,0.516,0.213,0.452,0.656,0.639,0.194,0.617,0.517,0.532,0.633,0.726,0.559,0.387,0.4,0.492,0.467,0.23,0.717
2019-02-27,0.339,0.597,0.429,0.274,0.443,0.7,0.59,0.54,0.492,0.45,0.77,0.475,0.508,0.213,0.452,0.645,0.639,0.194,0.623,0.508,0.54,0.633,0.726,0.567,0.381,0.41,0.483,0.459,0.23,0.705
2019-02-28,0.339,0.597,0.429,0.274,0.443,0.689,0.597,0.54,0.492,0.443,0.77,0.468,0.508,0.21,0.46,0.651,0.645,0.194,0.623,0.508,0.54,0.623,0.726,0.574,0.381,0.41,0.483,0.459,0.242,0.694
2019-03-01,0.333,0.603,0.438,0.286,0.443,0.689,0.597,0.547,0.484,0.443,0.774,0.468,0.5,0.21,0.46,0.651,0.645,0.19,0.613,0.5,0.54,0.623,0.73,0.574,0.381,0.403,0.483,0.468,0.242,0.694
2019-03-02,0.333,0.603,0.446,0.286,0.435,0.677,0.597,0.547,0.476,0.452,0.762,0.468,0.492,0.21,0.469,0.641,0.635,0.203,0.613,0.5,0.547,0.613,0.73,0.581,0.391,0.403,0.492,0.468,0.238,0.698
2019-03-03,0.344,0.594,0.446,0.281,0.435,0.677,0.603,0.554,0.476,0.452,0.762,0.46,0.492,0.206,0.462,0.641,0.635,0.203,0.619,0.5,0.547,0.619,0.719,0.581,0.385,0.413,0.5,0.46,0.25,0.698
2019-03-04,0.338,0.594,0.455,0.281,0.429,0.667,0.603,0.561,0.469,0.46,0.75,0.46,0.5,0.203,0.462,0.641,0.635,0.215,0.619,0.508,0.554,0.619,0.719,0.571,0.385,0.413,0.5,0.46,0.25,0.698
2019-03-05,0.338,0.6,0.455,0.277,0.429,0.667,0.609,0.561,0.469,0.46,0.75,0.469,0.5,0.203,0.455,0.646,0.641,0.215,0.609,0.508,0.554,0.609,0.708,0.571,0.394,0.413,0.5,0.46,0.25,0.688
2019-03-06,0.333,0.606,0.448,0.288,0.422,0.672,0.609,0.561,0.462,0.469,0.75,0.462,0.507,0.2,0.455,0.646,0.631,0.227,0.609,0.5,0.561,0.609,0.708,0.578,0.394,0.422,0.508,0.453,0.246,0.688
2019-03-07,0.333,0.606,0.448,0.288,0.422,0.672,0.609,0.561,0.462,0.469,0.754,0.462,0.507,0.2,0.455,0.636,0.631,0.227,0.6,0.5,0.561,0.615,0.708,0.578,0.394,0.422,0.508,0.453,0.246,0.688
2019-03-08,0.333,0.606,0.441,0.284,0.415,0.662,0.615,0.567,0.462,0.477,0.754,0.462,0.507,0.2,0.463,0.636,0.621,0.227,0.6,0.5,0.561,0.606,0.712,0.569,0.403,0.415,0.516,0.462,0.242,0.692
2019-03-09,0.328,0.612,0.441,0.284,0.415,0.662,0.615,0.567,0.455,0.477,0.758,0.47,0.515,0.197,0.463,0.636,0.621,0.224,0.606,0.508,0.561,0.606,0.712,0.569,0.403,0.409,0.516,0.455,0.242,0.692
2019-03-10,0.338,0.612,0.435,0.279,0.409,0.662,0.621,0.567,0.455,0.47,0.746,0.478,0.515,0.194,0.456,0.627,0.627,0.235,0.606,0.508,0.567,0.606,0.716,0.569,0.412,0.409,0.523,0.455,0.242,0.682
2019-03-11,0.338,0.603,0.435,0.279,0.409,0.662,0.627,0.574,0.455,0.47,0.746,0.478,0.522,0.194,0.456,0.627,0.627,0.235,0.606,0.5,0.567,0.612,0.706,0.561,0.412,0.418,0.515,0.448,0.254,0.682
2019-03-12,0.338,0.603,0.429,0.275,0.403,0.667,0.627,0.565,0.463,0.47,0.75,0.471,0.522,0.191,0.456,0.632,0.632,0.235,0.612,0.5,0.574,0.612,0.706,0.561,0.412,0.418,0.515,0.448,0.25,0.682
2019-03-13,0.348,0.603,0.429,0.275,0.403,0.667,0.618,0.565,0.463,0.478,0.75,0.471,0.514,0.191,0.449,0.632,0.632,0.232,0.612,0.5,0.574,0.618,0.706,0.567,0.406,0.426,0.507,0.448,0.25,0.687
2019-03-14,0.348,0.609,0.429,0.275,0.397,0.672,0.618,0.565,0.456,0.478,0.75,0.464,0.514,0.191,0.457,0.638,0.632,0.232,0.612,0.493,0.574,0.609,0.71,0.574,0.406,0.426,0.507,0.448,0.246,0.687
2019-03-15,0.348,0.609,0.423,0.271,0.397,0.672,0.623,0.571,0.449,0.471,0.754,0.464,0.514,0.188,0.457,0.638,0.638,0.229,0.618,0.485,0.58,0.609,0.71,0.574,0.406,0.42,0.515,0.456,0.246,0.687
2019-03-16,0.343,0.614,0.417,0.271,0.406,0.676,0.623,0.571,0.449,0.471,0.754,0.464,0.507,0.188,0.457,0.629,0.638,0.239,0.609,0.485,0.586,0.6,0.71,0.58,0.4,0.429,0.515,0.456,0.243,0.691
2019-03-17,0.338,0.614,0.417,0.268,0.406,0.676,0.629,0.577,0.443,0.478,0.743,0.457,0.5,0.2,0.465,0.629,0.643,0.239,0.609,0.493,0.586,0.6,0.7,0.58,0.4,0.429,0.522,0.449,0.243,0.691
2019-03-18,0.338,0.606,0.425,0.278,0.4,0.681,0.629,0.577,0.443,0.486,0.743,0.457,0.5,0.197,0.465,0.62,0.643,0.236,0.614,0.493,0.592,0.592,0.704,0.586,0.4,0.423,0.514,0.449,0.254,0.681
2019-03-19,0.333,0.606,0.425,0.278,0.4,0.681,0.634,0.583,0.437,0.486,0.746,0.451,0.507,0.197,0.465,0.611,0.648,0.236,0.614,0.486,0.592,0.592,0.704,0.586,0.4,0.423,0.514,0.443,0.254,0.686
2019-03-20,0.333,0.597,0.419,0.288,0.394,0.681,0.625,0.583,0.437,0.493,0.736,0.451,0.507,0.194,0.472,0.611,0.653,0.236,0.62,0.486,0.583,0.583,0.708,0.592,0.408,0.417,0.514,0.443,0.264,0.686
2019-03-21,0.342,0.597,0.419,0.288,0.389,0.686,0.625,0.583,0.437,0.493,0.736,0.444,0.507,0.194,0.472,0.603,0.653,0.233,0.62,0.493,0.583,0.583,0.708,0.583,0.408,0.411,0.521,0.451,0.264,0.69
2019-03-22,0.342,0.597,0.419,0.288,0.389,0.69,0.63,0.589,0.431,0.486,0.74,0.444,0.514,0.192,0.479,0.603,0.653,0.233,0.62,0.493,0.575,0.589,0.699,0.583,0.403,0.411,0.521,0.451,0.26,0.69
2019-03-23,0.351,0.589,0.419,0.284,0.397,0.69,0.63,0.589,0.431,0.493,0.74,0.452,0.514,0.192,0.479,0.603,0.644,0.23,0.625,0.5,0.575,0.589,0.699,0.589,0.397,0.405,0.514,0.458,0.26,0.681
2019-03-24,0.351,0.581,0.413,0.284,0.397,0.681,0.635,0.595,0.438,0.493,0.743,0.452,0.514,0.189,0.479,0.608,0.644,0.23,0.625,0.493,0.581,0.589,0.689,0.589,0.397,0.405,0.507,0.466,0.257,0.685
2019-03-25,0.351,0.581,0.413,0.284,0.397,0.681,0.635,0.595,0.438,0.493,0.743,0.452,0.507,0.189,0.486,0.608,0.635,0.227,0.63,0.493,0.581,0.581,0.689,0.595,0.405,0.405,0.507,0.466,0.257,0.685
2019-03-26,0.36,0.587,0.408,0.28,0.392,0.685,0.627,0.6,0.446,0.486,0.747,0.446,0.507,0.189,0.493,0.608,0.635,0.227,0.63,0.5,0.573,0.581,0.693,0.595,0.405,0.4,0.5,0.473,0.253,0.685
2019-03-27,0.36,0.587,0.408,0.276,0.392,0.685,0.627,0.6,0.44,0.486,0.747,0.446,0.507,0.189,0.493,0.6,0.635,0.224,0.635,0.5,0.573,0.587,0.693,0.6,0.4,0.408,0.5,0.473,0.253,0.689
2019-03-28,0.36,0.587,0.416,0.276,0.387,0.676,0.632,0.592,0.44,0.493,0.75,0.446,0.5,0.187,0.487,0.6,0.64,0.224,0.635,0.493,0.579,0.587,0.697,0.6,0.4,0.408,0.507,0.473,0.25,0.689
2019-03-29,0.355,0.592,0.416,0.276,0.387,0.68,0.632,0.592,0.447,0.493,0.75,0.453,0.5,0.187,0.487,0.592,0.64,0.224,0.64,0.493,0.579,0.579,0.697,0.605,0.4,0.403,0.507,0.467,0.25,0.68
2019-03-30,0.355,0.584,0.416,0.273,0.387,0.68,0.636,0.597,0.447,0.5,0.75,0.447,0.506,0.184,0.494,0.584,0.645,0.221,0.632,0.487,0.579,0.579,0.701,0.605,0.408,0.403,0.513,0.467,0.247,0.68
2019-03-31,0.364,0.584,0.41,0.273,0.395,0.671,0.636,0.603,0.455,0.5,0.74,0.447,0.506,0.184,0.494,0.584,0.645,0.221,0.632,0.494,0.571,0.571,0.701,0.605,0.403,0.41,0.513,0.461,0.247,0.684
2019-04-01,0.364,0.59,0.41,0.269,0.403,0.671,0.636,0.603,0.455,0.494,0.744,0.442,0.5,0.195,0.487,0.59,0.636,0.231,0.636,0.494,0.571,0.571,0.705,0.61,0.403,0.41,0.506,0.455,0.244,0.684
2019-04-02,0.359,0.59,0.41,0.269,0.403,0.662,0.641,0.603,0.449,0.494,0.744,0.442,0.5,0.195,0.487,0.59,0.636,0.231,0.636,0.487,0.577,0.577,0.705,0.61,0.403,0.41,0.506,0.455,0.244,0.688
2019-04-03,0.367,0.595,0.405,0.278,0.397,0.667,0.646,0.595,0.449,0.487,0.744,0.449,0.494,0.192,0.494,0.595,0.628,0.228,0.641,0.487,0.57,0.577,0.709,0.615,0.397,0.405,0.5,0.462,0.244,0.688
2019-04-04,0.367,0.595,0.405,0.278,0.397,0.667,0.646,0.595,0.443,0.487,0.747,0.449,0.494,0.192,0.494,0.595,0.62,0.228,0.641,0.494,0.57,0.577,0.709,0.615,0.397,0.405,0.5,0.462,0.241,0.692
2019-04-05,0.362,0.6,0.4,0.278,0.392,0.671,0.65,0.588,0.45,0.481,0.747,0.456,0.494,0.19,0.5,0.588,0.62,0.238,0.633,0.488,0.575,0.582,0.7,0.62,0.405,0.4,0.494,0.468,0.238,0.696
2019-04-06,0.362,0.6,0.4,0.275,0.392,0.671,0.65,0.588,0.45,0.481,0.738,0.456,0.5,0.19,0.5,0.588,0.625,0.238,0.633,0.488,0.575,0.582,0.7,0.62,0.405,0.4,0.494,0.468,0.238,0.696
2019-04-07,0.358,0.593,0.407,0.275,0.4,0.662,0.654,0.58,0.457,0.475,0.741,0.45,0.506,0.2,0.506,0.58,0.625,0.235,0.638,0.481,0.58,0.588,0.704,0.612,0.4,0.395,0.488,0.475,0.235,0.7
2019-04-08,0.358,0.593,0.407,0.275,0.4,0.662,0.654,0.58,0.457,0.475,0.741,0.45,0.506,0.2,0.506,0.58,0.625,0.235,0.638,0.481,0.58,0.588,0.704,0.612,0.4,0.395,0.488,0.475,0.235,0.7
2019-04-09,0.358,0.598,0.402,0.272,0.407,0.654,0.646,0.58,0.451,0.481,0.741,0.444,0.506,0.21,0.506,0.58,0.617,0.232,0.642,0.481,0.58,0.593,0.707,0.617,0.395,0.39,0.494,0.481,0.232,0.704
2019-04-10,0.354,0.598,0.402,0.268,0.402,0.659,0.646,0.585,0.451,0.476,0.732,0.439,0.512,0.207,0.512,0.585,0.622,0.232,0.646,0.476,0.585,0.598,0.707,0.61,0.402,0.39,0.5,0.476,0.232,0.695
